Sr. No.,Name of the ARN Holder ,Gross Amount paid,Gross Inflows,Net Inflows,Average Assets under Management for FY 2018-19,Ratio of AUM to Gross inflows
1,3I WEALTH ADVISORS LLP,206.62,100427.78,-18016.47,32229.16,0.27
2,6TH SENSE INVESTMENTS CONSULTANTS,107.12,3922.48,1184.77,9296.01,2.52
3,A K Narayan,129.03,3736.58,1776.27,17304.91,4.94
4,A R J Financial Consultants India Private Limited,130.10,2656.18,957.96,9592.08,3.55
5,A.G. Financial Services,284.89,10503.39,-1607.86,38123.57,3.68
6,A.Makarand Govindrao,91.15,4181.28,439.29,10865.36,2.71
7,AADI WEALTH MANAGEMENT (P) LTD.,511.33,29216.33,-13318.57,53180.72,1.69
8,Aadinath Investment,262.29,63111.94,-2201.83,25862.94,0.45
9,Aahlada Securities Pvt Ltd,143.32,3867.69,1028.93,18344.37,5.02
10,Aalps Investment Advisory,402.05,77949.18,4102.18,48770.43,0.65
11,Abacus Corporation Private Limited,966.25,14557.69,4479.73,94274.53,6.68
12,Abchlor Investment Advisors (P) Ltd,395.59,20012.54,-194.04,36586.06,1.85
13,Abhenav Khettry,128.24,11976.70,1871.57,12905.11,1.19
14,Abhijit Shivanand Sawant,100.44,3555.04,1239.36,10119.71,3.07
15,Abhinav Mehta,119.32,5355.63,1152.32,12049.98,2.37
16,Abhishek Sunil Gupta,145.77,8924.48,1523.98,15610.06,1.90
17,Abm Investment,84.48,3155.93,1988.46,10564.23,3.80
18,ACCORD FINANCIAL SERVICES LLP,187.99,8586.50,5384.21,14977.12,2.07
19,ACE CAPITAL ADVISORS,55.69,9437.98,8222.22,10223.19,1.58
20,ACE FNSUPERMARKET PVT. LTD.,138.37,4280.57,1312.72,13324.05,4.89
21,Ace Wealth Management Private Limited,206.61,4194.20,1610.62,24260.80,6.32
22,ACE WEALTH MANAGERS,801.45,26279.31,12864.70,52327.68,2.28
23,ADDON INDIA PRIVATE LIMITED,93.51,6397.19,4940.16,2372.56,0.81
24,Addon Wealth Consultancy (P) Ltd.,190.35,3374.26,2089.32,11796.83,3.72
25,ADITYA & SONS,193.61,8638.73,2074.79,10587.09,1.23
26,ADITYA BIRLA FINANCE LIMITED,5259.28,37374254.35,-35536.15,1127337.79,0.03
27,ADITYA BIRLA MYUNIVERSE LIMITED,506.06,24833.49,13800.31,46669.52,2.23
28,Aditya Vinayak Joshi,106.69,8195.02,4523.89,10601.77,1.53
29,Adokshaja Krishnarao Kulkarni,94.28,24009.96,2334.53,3826.13,0.17
30,Adoni Venkatesh,82.63,597.35,-6714.02,5308.49,2.14
31,Affluenz Financial Services India Private Limited,135.88,7475.46,1012.93,27061.65,3.78
32,Ajay Kantibhai Shah,106.59,4352.20,808.33,11756.89,2.83
33,Ajay Khurana,89.05,1669.94,217.31,8322.31,5.24
34,Ajay Kumar Arora,94.34,2446.34,1177.81,10158.00,4.48
35,Akasa Securities & Financial Services Pvt. Ltd,212.57,66270.10,3998.35,28576.68,0.46
36,Akshaya Budhraja,105.15,3024.20,1157.21,13336.81,4.81
37,Akshaya Wealth Management (P) Ltd,81.88,7074.95,2857.86,11303.50,1.87
38,Akta Associates,132.87,25434.55,2383.27,18306.78,0.58
39,Alchemy Capital Management Pvt Ltd,152.24,6725.85,-11195.74,26714.06,2.40
40,Allahabad Bank,53.61,5641.45,3370.61,10227.63,1.98
41,Allegiance Associates,183.87,7275.16,1608.78,19932.22,2.79
42,Allegro Capital Advisors Pvt Ltd,215.71,13499.82,-3942.03,38951.75,2.65
43,Almondz Global Securities Ltd,411.75,25790.94,-13526.73,80967.70,2.90
44,ALMONDZ WEALTH ADVISORS LTD,233.44,127063.67,4740.36,21404.87,0.18
45,Alpha Capital,590.71,45806.18,7950.21,99931.61,2.36
46,ALPHAFRONT FINSERV PVT LTD,71.32,11900.10,6730.67,9789.94,1.11
47,AM WEALTH MANAGERS PVT. LTD,1233.25,55410.07,15309.86,136650.41,2.96
48,Ambit Capital Private Limited,210.66,179863.97,-4655.32,80798.85,0.30
49,Ami Vishal Dalal,249.91,29607.72,653.45,23292.48,0.79
50,Amit Jasani Financial Services Pvt Ltd,64.10,21318.55,10922.31,13663.34,0.98
51,Amit Sitaram Luharuka,89.40,5367.18,990.76,11076.87,2.25
52,Amitkumar D Mehta,158.55,4612.79,1913.06,14182.73,3.34
53,Anand Rathi Share And Stock Brokers Limited,959.79,1069331.93,21180.91,115889.13,0.12
54,Anand Rathi Wealth Services Limited,12108.97,2789425.90,163395.14,1124158.48,0.45
55,Anandbir Singh,353.87,36704.37,7843.57,44556.96,1.31
56,Ananthalakshmi M,91.38,4437.45,-1501.41,11241.80,2.41
57,Angel Broking Limited,505.21,64205.34,26158.46,47709.29,1.02
58,Anil Khera,164.72,5615.81,375.62,19505.15,3.58
59,Anil Manohar Kataria,96.64,5581.59,2293.29,12126.42,2.36
60,Anita Arun Lagu,107.65,3172.96,-344.23,12169.74,3.53
61,Anita Investment Agencies,63.89,129.59,-1751.33,11346.13,83.33
62,Anjali Investment & Consultants,369.89,16096.23,3590.42,32989.24,2.25
63,Anjana Shah,128.08,18032.86,523.58,22415.24,1.28
64,Ankit Aggarwal,222.25,43563.40,-4539.36,21770.67,0.52
65,Ankit Jain,93.34,956.65,-27.66,7623.45,8.65
66,Anshu Jaisinghani,110.99,5506.46,2438.21,13339.44,2.70
67,Anshu Shrivastava,67.47,2843.49,-3717.18,3627.98,0.52
68,Answers Financial Planners Pvt.Ltd.,128.86,19749.66,1729.16,14442.90,0.59
69,Anup Thirani,95.02,288597.22,1090.16,11177.02,0.04
70,Anurag Bagrodia,138.03,8512.72,-2068.75,18871.70,2.22
71,AR WEALTH MANAGEMENT PRIVATE LIMITED,323.93,16611.99,5098.97,29095.63,2.09
72,Ara Management Solutions Pvt Ltd,197.55,9109.74,-200.87,22514.07,2.61
73,Aravindakshan K M,106.62,3377.26,784.41,11729.71,3.57
74,Arihant Capital Markets Limited,132.25,22337.39,2963.99,15456.93,0.74
75,Arjun Gupta,85.51,2980.92,-622.11,12296.44,4.26
76,ARK PRIMARY ADVISORS PRIVATE LIMITED,120.22,3532.85,1860.24,13653.44,4.34
77,ARNAV FINANCIAL SERVICES,55.11,8189.95,1176.62,4458.46,0.50
78,Artha Yantra Corporation Pvt Ltd,81.26,4306.31,888.41,10402.87,2.60
79,Artham Finometry Private Limited,115.97,10221.94,3463.16,12889.70,1.47
80,Arthashastra Investment Managers Private Limited,124.40,7226.27,1534.56,13627.21,1.87
81,Arun Purushottam Patel,103.34,6380.48,2512.89,8202.23,1.31
82,Arun Sankar,57.23,1561.72,-147.65,4806.53,3.08
83,Arun Vishwanath Lagu,199.93,4688.55,-681.41,21139.52,4.47
84,Arvind Financial Services,112.09,2530.41,724.30,14142.61,6.08
85,Arvinder Singh Bindra,88.16,1619.36,680.67,11277.45,7.51
86,Ashika Stock Broking Ltd.,129.20,134368.65,163.47,19275.44,0.11
87,Ashish Golechha,110.88,6577.92,3483.40,10541.05,1.96
88,Ashok Kumar Agarwal,77.59,4291.95,584.09,5509.51,1.35
89,Ashok Thakwani,82.34,2679.57,953.95,11898.45,4.82
90,Ashutosh Financial Services Private Limited,298.52,10600.04,2783.19,20467.50,2.10
91,Ashwin Rasiklal Vajani,201.61,14267.77,3137.56,21310.30,1.57
92,Asit C. Mehta Investment Intermediates Ltd,141.67,10105.85,1093.04,21836.92,2.22
93,Asit Haresh Bhansali,172.59,15115.29,764.38,20027.20,1.33
94,Ask Wealth Advisors Private Limited,2487.14,452568.04,-35605.08,390008.27,0.86
95,Aspandiar Nari Kanga,72.20,2730.63,2314.48,9037.65,3.68
96,Asset Alliance Securities Private Limited,139.30,6340.07,935.84,18089.96,3.18
97,Assetz Premier Wealth Advisory Pvt Ltd,384.03,61515.17,1384.50,54397.82,0.91
98,AU Mutuals Financial Planners Pvt. Ltd.,141.10,7732.98,1850.66,10164.20,1.46
99,Augment Capital Advisors LLP,123.62,12584.18,1252.28,14446.33,1.03
100,AUM Capital Market Pvt Ltd,1468.87,1591159.22,-152268.42,268725.40,0.11
101,AUM Insure And Secure Pvt Ltd,147.25,9040.99,2382.36,16325.44,1.96
102,AUREUS INVESTMENT SOLUTIONS LLP,344.84,316721.21,13873.92,64712.71,0.22
103,Autus Wealth Management Private Limited,643.53,38590.31,9399.02,76202.12,2.10
104,Avanish K Shah,105.56,5326.87,1350.02,10676.35,2.24
105,Avendus Wealth Management Pvt Ltd,1111.13,513323.28,-103600.94,296169.59,0.56
106,Axiom Financial Services Pvt Ltd,404.80,14957.44,5845.01,49025.96,3.56
107,Axis Bank Limited,55563.06,13455006.10,75584.70,5292305.18,0.36
108,Axis Securities Limited,1672.58,97061.99,47111.40,143923.70,1.67
109,AYUSHMANN CAPITAL,315.38,31439.28,17689.86,10013.64,0.63
110,B D Shroff Securities Private Limited,148.63,2775.86,627.48,21580.17,8.00
111,Babubhai Hiralal & Co,97.32,32329.38,351.12,14169.50,0.41
112,Bahubali Mohanlal Shah,105.69,5818.46,1686.53,9759.56,1.83
113,Bajaj Capital Ltd.,9206.28,606483.87,-14467.59,1012750.61,1.69
114,Bajaj Securities,73.75,3145.00,1489.97,10503.40,3.69
115,Bajaj Share And Stock Brokers Pvt Ltd,75.07,18093.07,132.28,25936.32,1.54
116,BANAYANTREE SERVICES LIMITED,489.45,25330.38,3360.20,25853.38,0.99
117,BANCONUS FINANCIAL SOLUTIONS PRIVATE LIMITED,138.12,10552.02,2197.79,12106.11,1.33
118,BANDHAN BANK LTD,190.75,16434.19,11984.25,14719.48,1.25
119,Bank of Bahrain & Kuwait B.S.C.,71.43,2501.13,1092.98,9469.95,4.19
120,Bank Of Baroda,1835.34,642489.46,176361.74,278803.86,0.55
121,Bank of India,636.51,82777.65,-27403.82,150522.14,1.66
122,Barclays Securities (India) Pvt Ltd,1979.00,685775.82,-157994.78,472531.50,0.56
123,Barjeel Geojit Financial Services LLC,1548.47,40722.56,11079.45,145833.70,3.80
124,Barrier Foils Private Limited,91.12,5682.06,459.20,19575.73,3.70
125,Basic Financial Services Pvt Ltd,157.78,5025.12,-1302.06,14710.38,2.83
126,Batlivala & Karani Securities India Pvt. Ltd.,1896.45,20491144.56,11238.57,722661.22,0.03
127,Beereshwar Financial Services,137.18,11534.71,2729.99,7475.42,0.69
128,Bees Network Limited,282.73,25428.80,1382.93,33661.90,1.42
129,BELLWETHER ADVISORS LLP,234.97,9370.78,3141.19,20998.76,2.37
130,BEYOND LIFE FINANCIAL SERVICES LLP,729.61,45157.00,14080.06,66185.86,1.63
131,BFC Capital P Ltd,298.02,40287.55,1554.29,28761.85,0.65
132,Bharat Bhushan & Co.,1748.20,252661.11,-50688.72,217456.62,0.79
133,Bharat Soneja,113.62,3271.98,856.10,10810.93,3.56
134,Bharat Tokershi Gosar,110.22,3744.79,2813.42,12471.40,3.87
135,BHARATHI SHARE BROKING PRIVATE LIMITED,260.17,14344.94,-5866.60,29742.95,1.69
136,Bhartiben Kishorchandra Shah,56.69,743.28,743.28,3167.35,4.61
137,Bhavesh Indravadan Gandhi,109.93,3203.49,750.51,10270.63,3.46
138,Bhavesh Mahavir Khetan,223.31,4244.78,1087.19,21515.14,5.16
139,Bhavik Girish Dand,203.60,8217.57,6406.04,16872.95,2.76
140,Bheruratan Onkardas Dammani,85.12,2660.13,1304.23,9868.17,4.06
141,Bimal Mansukhlal Panchamia,229.56,6809.35,2612.95,18689.76,2.93
142,Bipin Bihari Sinha,115.29,3907.74,264.63,7777.54,2.00
143,Biren Krishnakant Chhatrapati,88.96,2639.90,989.32,10982.50,4.42
144,Birendra Kumar,150.86,19563.25,1190.25,18107.60,1.00
145,BLACK & WHITE FIN SOLUTIONS LLP,182.03,16074.30,-14575.97,14794.18,0.26
146,Blue Chip Investments,319.36,5398.72,1353.93,23792.85,4.56
147,Blue Circle Financial Services,174.99,4857.40,3330.65,19216.83,4.43
148,Blue Edge Associates LLP,1165.16,108560.36,19013.94,125974.25,1.36
149,Blue Ocean Financial Services Pvt Ltd,136.43,4389.53,-244.64,14451.64,3.27
150,Blue Ocean Multi Client Family Office LLP,152.48,76024.61,7967.05,28188.06,0.36
151,Bluechip Capital Services Private Limited,459.61,20161.24,1860.13,58624.86,2.98
152,Bluechip Corporate Investment Centre Ltd,3128.25,123665.13,58757.53,379555.01,3.30
153,BNP Paribas,89.03,258.98,-7502.48,29019.64,87.55
154,BNP Paribas Wealth Management India Pvt Ltd,878.31,174277.74,-1768.38,140801.99,0.84
155,Bodevision Finsec Consultants (P) Ltd,251.63,6339.19,457.04,19433.00,3.26
156,Boho Consultants Pvt Ltd,136.19,5238.05,2633.02,17115.10,3.59
157,Bonanza Portfolio Ltd,370.74,19983.27,5129.97,48776.01,2.55
158,Brain Point Investment Centre Pvt Ltd,1019.70,173060.22,16817.68,128560.93,0.82
159,Brij Bhushan Marwaha,281.02,727.02,254.04,7965.41,0.07
160,Canara Bank,4768.75,264084.80,92297.80,473301.25,2.08
161,Capital Builders,160.35,8041.09,-23.84,16439.64,2.06
162,Capital League,693.35,35681.62,643.64,82953.12,2.26
163,Catalyst Financial Planning,183.79,9083.98,-2144.79,13330.51,1.42
164,Cedrus Consultants Private Limited,203.95,15690.10,-1704.98,26064.20,1.65
165,Centrum Wealth Management Ltd,2910.12,631967.06,26104.04,469652.09,0.81
166,Cerebral Advisors,123.56,3332.82,1585.05,11100.68,3.52
167,Chadha Investment Consultant Pvt Ltd,652.35,23761.18,5725.99,75372.38,3.75
168,Chaitanya Financial Consultancy Pvt Ltd,166.20,5362.82,932.28,14984.45,2.82
169,Champion Traders,104.79,3288.94,-754.32,10949.26,3.32
170,CHANDLER AND PRICE (I) PVT LTD,311.77,18645.79,-477.04,35644.76,1.93
171,Chandrakant Kashinath Amritkar,142.76,3195.77,1121.87,13193.05,4.32
172,Chandulal L Vasa,138.16,5709.90,1434.00,14785.21,2.73
173,Chetan Manharlal Lapsiwala,93.37,2050.72,587.92,13940.97,7.50
174,Chirag Stockbroker Pvt Ltd,233.76,10878.78,4249.79,19551.78,2.08
175,Cholamandalam Securities Ltd,810.79,14606223.01,-15660.42,211665.42,0.01
176,CITADELLE ASSET ADVISORS PVT. LTD.,186.11,31078.00,136.67,18653.45,0.55
177,Citibank N.A,18184.69,1462461.26,-86929.16,2866429.17,1.83
178,CITRINE FINANCIAL ADVISORS LLP,122.22,6787.37,2410.78,13552.84,2.43
179,CLAIRFIN CAPITAL SERVICES,182.93,10097.54,1974.05,17484.98,1.88
180,Clairvoyance Securities Private Limited,140.19,7004.57,2844.20,11987.94,1.85
181,Clairvoyant Capital Services,141.16,9586.07,-300.19,15264.65,1.65
182,Colaco & Aranha,189.11,5863.85,1910.20,29755.78,5.58
183,Common Wealth,308.58,30141.69,-5121.21,40305.81,1.23
184,Complete Circle Consultants Pvt Ltd,564.08,28413.01,16664.88,53469.41,2.24
185,Comsol Financial Solutions Private Limited,385.05,12198.27,11.84,49413.81,4.08
186,CONSUULTME FINANCIAL SERVICES LLP,219.79,10205.23,4796.23,18120.95,2.05
187,Coolbrain Consultants Private Ltd.,575.94,15324.20,2446.62,38508.88,2.60
188,Coronet Vyapaar (P) Ltd,91.37,0.00,-46800.61,50378.01,0.00
189,COUNTON ADVISORS PRIVATE LIMITED,111.28,7434.08,-4357.16,11387.74,1.13
190,CREDEL CAPITAL ADVISORS LLP,159.86,8783.97,4506.03,15482.87,2.43
191,Credence Family Office LLP,249.77,13282.38,-100.65,30159.62,2.40
192,Credit Suisse Securities India Pvt Ltd,2043.28,474373.53,-186071.49,468128.29,0.86
193,CRESCAT ADVISORS LLP,205.83,15991.08,9707.55,15392.80,1.29
194,Crescore Wealth Management Services Pvt. Ltd.,222.27,19317.64,-2988.80,37427.82,1.77
195,CREST FINSERV LIMITED,447.62,9677848.94,-32410.33,173632.96,0.01
196,CRVJ Investment Consultants Pvt.Ltd.,151.85,5241.71,2623.98,18012.94,3.71
197,CRYSTAL VISION WEALTH MANAGERS PRIVATE LIMITED,158.88,9788.37,-154.73,21171.58,2.34
198,D Muthukrishnan,255.64,3401.71,775.82,25917.60,8.00
199,D Sundararajan,70.96,2329.42,986.43,10243.57,4.64
200,Dalal & Broacha Stock Broking Pvt. Ltd.,544.59,109363.71,-6998.70,86331.92,0.71
201,Dalmia Advisory Services Pvt Ltd,271.30,12823.91,3300.54,28911.56,2.38
202,Darashaw & Co. Pvt Ltd,165.94,114888.55,-10359.44,39806.97,0.28
203,Darshan Mahendra Parekh,121.52,10561.91,1307.27,15241.43,1.46
204,Darshan Services Private Limited,2937.23,11707453.53,-211343.58,552528.73,0.03
205,Daularam Kewalram Patel,102.03,3330.55,417.20,11463.45,3.44
206,DBS BANK INDIA LIMITED,438.24,91568.92,18280.67,152221.58,2.03
207,DBS Bank Ltd.,1724.85,29120.07,-3380.45,80205.20,2.19
208,DCB Bank Limited,264.93,13639.63,-4332.31,46894.20,3.39
209,Deep Management & Eco Consultants Private Limited,307.99,8606.03,-3589.35,44918.53,5.14
210,Deepa Manoj Adalja,56.78,821.24,-1180.54,5985.20,7.73
211,Deepak,255.24,13035.60,3655.31,32517.89,2.77
212,Deepak Bakshi,92.80,2398.73,992.48,10559.28,4.74
213,Deepak Krishnamurthy Rao,73.85,3606.80,1679.65,11120.23,3.29
214,Deepak Kumar Bhardwaj,129.65,3830.54,875.40,10898.81,2.97
215,Deepam Marketing Enterprises (P) Ltd,91.76,6097.10,2342.81,12617.22,2.27
216,Deepanshu Singhal,239.35,22213.27,4339.78,26514.99,1.25
217,Deepesh Arora,369.63,26394.03,3135.64,29772.96,1.14
218,Defmacro Software Pvt Ltd,106.79,8396.22,7785.79,5443.79,1.23
219,DEGREE 212 CONSULTANCY SERVICES PVT LTD,36.83,6488.92,1622.73,10016.67,2.51
220,Deutsche Bank AG,5115.98,419848.58,-50738.29,978796.75,2.20
221,Devavrat Parvate,62.22,6404.88,6083.67,6448.56,1.45
222,Devendra Yeshwant Mhatre,130.05,4676.37,-342.78,12455.43,2.46
223,Dhairav Janak Shroff,136.62,5329.37,781.13,12817.77,2.57
224,Dhananjay Manohar Kale,294.33,8476.31,4544.89,31482.15,4.03
225,Dhanesh M. Shah,171.06,5819.19,2766.90,17780.46,3.39
226,Dhanlaxmi Bank Limited,187.86,20797.80,3820.01,24874.07,1.23
227,DHANSANCHAY WEALTH CREATIONS LLP,151.46,9092.32,280.01,7961.28,0.82
228,Dhanvriddhi Finvest Services Pvt Ltd,99.34,3886.06,2238.03,14027.70,3.98
229,Dhaval Mahendra Desai,78.87,990.13,577.05,8027.18,8.76
230,Dhaval S Shah,68.77,2451.15,964.01,9459.84,4.18
231,Dhruv Lalit Mehta,913.41,123605.77,-3376.84,102858.48,0.79
232,Dhruv Rajesh Rawani,108.61,6047.18,2733.21,9563.86,1.81
233,DHYEY ASSET ADVISORS LLP,96.99,468.22,460.67,5475.12,12.41
234,Dilipkumar Shashikant Vayeda,120.21,3889.90,960.60,11136.93,3.02
235,Dilshad Kaiwan Billimoria,104.32,2966.95,670.98,14018.94,4.91
236,Dipak Kumar Das,183.99,5506.87,581.42,21385.26,4.09
237,Dipankar Das,237.41,5283.12,1315.20,21567.47,4.30
238,Director General Posts,56.96,936.65,-1876.24,16291.21,17.38
239,Disha Finance & Investment Pvt Ltd,358.83,12068.15,4402.49,35484.25,3.13
240,Diva Jyote Portfolios Private Limited,215.68,6034.30,1898.62,25813.37,4.48
241,Divitas Capital Advisors Pvt Ltd,459.62,29700.10,3960.65,55294.32,1.95
242,DMS Investment Advisory (P) Ltd.,250.91,18618.52,-8676.55,29066.46,1.46
243,Dolfin Investments,92.78,6836.71,1914.62,11213.22,1.86
244,Domingo John Rohan Rebello,173.10,9102.65,1332.48,19487.40,2.14
245,Doogar & Associates Securities Ltd,101.72,7179.80,1492.65,12074.00,1.77
246,Drumesh H.Pandya,110.32,9149.95,6652.24,11762.45,2.59
247,DSA Capital Services,243.46,16350.33,-1185.27,22119.46,1.27
248,DSFS WEALTH MANAGEMENT LLP,114.39,6825.54,700.81,10111.18,1.78
249,Durga Financial Services Pvt Ltd,261.49,9848.09,2182.05,24297.69,2.61
250,Eastern Financiers Ltd.,2195.21,125721.15,22046.74,256907.83,2.16
251,ECS Financial Services (India) Private Limited,261.97,7837.75,1937.80,27865.84,3.74
252,Edelweiss Broking Limited,1678.57,641444.97,89770.43,323990.42,0.59
253,Edelweiss Financial Services Limited,470.91,72095.33,27144.86,58626.60,0.83
254,Edge Corporate Services Pvt Ltd,177.71,3625.29,-3016.75,25700.93,6.84
255,Edge Wealth Management Services LLP,1146.67,96326.58,-5418.73,164447.82,1.67
256,Elite Portfolio Management,141.37,6849.09,1037.01,13810.85,2.24
257,Elite Wealth Advisors Limited,98.63,7201.26,2507.34,13251.70,1.97
258,Ellora Consultants Pvt Ltd,104.64,299.16,-787.53,7087.55,23.63
259,EMERGING FINCARE CONSULTANCY PRIVATE LIMITED,175.11,6390.13,2837.50,12294.86,2.14
260,Emkay Global Financial Services Limited,165.05,62985.01,11514.04,36842.54,0.85
261,Enrichwise Consultancy Services Pvt Ltd,120.98,11080.12,4981.69,16804.09,1.81
262,Ensign Capital Markets and Investments Pvt. Ltd,129.49,1976.18,778.91,4787.20,2.52
263,Equations,143.94,10499.53,2897.35,16771.33,1.77
264,EQUIRUS WEALTH PRIVATE LIMITED,17.99,22399.22,13521.64,5007.77,0.90
265,EQUITAS SMALL FINANCE BANK LIMITED,174.87,9595.19,5308.36,7769.92,1.08
266,ESGL CLIENTALLEY SOLUTIONS PRIVATE LIMITED,341.81,41971.33,-5965.63,33137.95,0.76
267,Essel Finance Wealth Services Pvt Ltd,145.06,394646.22,-15371.50,36997.12,0.05
268,Ethix,131.24,4209.77,1128.29,19566.37,5.14
269,Etica Wealth Management Pvt Ltd,359.62,44367.69,16082.56,42126.60,1.14
270,EURASIA CAPITAL SERVICES,577.59,24443.35,-727.16,54971.69,2.28
271,Farr Lapp Investments,170.84,6109.59,596.09,21965.94,3.74
272,Fermat Prime Advisors Pvt Ltd,258.43,51154.20,9933.56,44656.82,1.00
273,Fin Secure,96.36,8666.91,-1411.66,10347.47,1.15
274,Finance Doctor Pvt. Ltd,126.31,2917.80,1350.37,14316.54,5.28
275,Financial Mart,72.53,5225.65,1441.24,5332.47,1.19
276,Finanzindia,173.82,12595.89,491.81,20690.43,1.67
277,FINBUCKS Financial Management,148.04,26289.70,-273.51,15714.65,0.57
278,FINE ADVICE PRIVATE LIMITED,296.68,23480.03,5420.87,26306.80,1.23
279,FINE TECH CORPORATION PRIVATE LIMITED,230.96,0.00,0.00,26375.48,0.00
280,FinEdge Advisory Pvt. Ltd.,361.91,23343.95,8317.16,30568.11,1.57
281,FINFIRST CAPITAL ADVISORS PRIVATE LIMITED,78.09,7386.49,4290.44,10087.11,1.77
282,FINFREEDOM33 WEALTH MANAGEMENT INDIA LLP,262.55,5995.65,3494.48,25563.24,6.64
283,Finmass,65.58,758.90,250.24,10264.95,14.19
284,Finnovators Solutions Pvt Ltd,182.57,7391.29,3397.77,20703.42,3.24
285,FINOMATIC CONSULTANTS PRIVATE LIMITED,111.88,18083.54,4450.11,6528.12,0.47
286,FINWIZARD TECHNOLOGY PVT LTD,225.98,28263.13,11931.26,22488.43,1.01
287,FIRST ADVISORS AND CONSULTANCY PRIVATE LIMITED,102.45,4021.68,1974.41,9943.14,2.79
288,FLEXI CAPITAL LLP,133.86,13085.91,5076.65,13815.01,1.28
289,Fortitude Securities Pvt.Ltd,140.05,7483.25,2994.19,15267.05,2.31
290,Fortune Finsec Pvt Ltd,148.43,21836.00,2631.65,20195.10,0.91
291,FORTUNE FINSERVE LLP,86.29,6217.01,1182.73,19811.27,5.27
292,Francis Michael Clement D'Cruz,115.19,4497.99,-208.12,11684.32,2.59
293,Frontline Securities Ltd,632.59,80619.55,15489.39,83528.77,1.10
294,Frontline Wealth Management,121.49,356.03,-22994.18,13974.82,13.08
295,FUNDCHOICE FINANCIAL SERVICES PVT LTD,163.12,4614.45,2280.71,16783.58,4.55
296,FUTURE WEALTH,90.86,14662.20,-867.20,10955.45,0.88
297,G K Wealthcare LLP,120.78,6189.25,-591.35,11061.91,1.80
298,Gada & Haria Financial Planners Private Limited,106.21,8365.13,1044.56,17361.94,2.16
299,Gaindamull Hemraj Financial Services,121.47,10962.05,5256.71,16189.33,1.70
300,Gajendra Hiralal Jain,136.21,0.00,-48.54,13690.10,0.00
301,GANADEESHA FINANCIAL SOLUTIONS PVT LTD,50.06,4868.83,2189.54,7961.26,2.21
302,Ganesh Shridhar Shanbhag,564.67,16550.55,6783.47,84945.19,5.33
303,Gaurang Investments,95.93,1675.90,45.38,12057.60,7.25
304,Gaurav Ganpule,961.06,14826.76,7930.77,76968.79,5.57
305,Gaurav Mehrotra,94.18,4907.33,2053.36,11259.55,2.41
306,Gautam Rathore,106.94,3507.36,1943.35,12108.17,3.80
307,Gayetri Nidhi Shaha,122.52,5326.80,438.42,6964.10,1.61
308,GENEXT WEALTH ADVISORS,165.36,11762.83,2979.18,15136.44,1.49
309,Genome Capital,97.62,34342.89,1662.99,15223.05,0.52
310,Geojit Financial Services Ltd,4627.38,271044.29,106023.66,381527.13,1.63
311,GEPL CAPITAL PRIVATE LIMITED,180.33,24188.56,5883.02,33210.33,1.53
312,Ghalla Bhansali Stock Brokers Pvt Ltd,354.57,16204.27,1651.86,42387.96,2.66
313,Girish Wani,99.74,5632.47,1975.47,9490.48,1.89
314,Gitanjali Sutrave,197.67,45909.06,4578.48,27020.86,0.55
315,Globe Capital Market Ltd,158.33,30169.04,7165.57,22582.82,0.85
316,Goel Financial Consultants,92.48,2237.84,849.33,10839.79,5.27
317,Golkunda Commercial Private Limited,104.30,7086.58,-3000.96,10826.75,1.34
318,Gopal Chulani,104.78,1681.60,106.12,7907.90,4.83
319,Gopi Kishan Agarwal,121.49,4629.10,1206.50,14645.00,3.33
320,GOYAMA FINANCIAL SERVICES,213.49,19256.70,-10429.96,29838.40,1.39
321,Great Fortune Investments and Infrastructures Pvt.Ltd.,201.91,14028.19,961.97,30706.00,2.18
322,Greenback Capital LLP,103.48,30626.91,12927.27,19232.72,0.95
323,Grow More Investment,103.95,3518.90,1961.82,11872.66,3.67
324,Grow Rich Fintech LLP,139.04,4123.70,2573.73,7729.72,2.17
325,Growide Investment Consultancy Pvt. Ltd.,135.33,16340.50,2852.70,19735.51,1.32
326,Growmore Financial Advisors,110.10,5315.26,-635.61,7677.69,1.51
327,GUARDIAN CAPITAL INVESTMENT ADVISORS PRIVATE LIMITED,85.12,6471.73,3260.82,9627.91,1.75
328,GUIDE AND GUARDIAN LLP,104.31,817.21,300.92,8262.81,11.38
329,Gunisetty Gnana Prasunamba,67.07,1143.11,688.71,5326.28,4.96
330,Gupta Capital Investment Centre,200.20,4734.49,998.00,21297.28,4.56
331,Gupta Investments,182.29,13710.39,3511.07,23489.36,1.86
332,Hari Ghanashyam Kamat,552.51,15237.24,4070.31,55864.13,3.95
333,Hari Mohan Gupta,384.91,7933.90,-133.19,37619.02,4.85
334,Harihar Finance Corporation,104.71,1210.35,-11504.91,17876.86,11.47
335,Harish S Kotian,468.25,9088.23,2391.34,40680.90,4.58
336,Harishchandra Jayram Pandya,101.33,82.00,40.00,12076.88,78.33
337,Harjindarkaur Wadhawan,67.34,53761.10,-4685.77,8652.28,0.03
338,Harley Securities Pvt Ltd,399.53,10674.78,2272.10,42404.41,4.33
339,Harsha Nandlal Parekh,123.14,12149.00,-276.83,17116.88,1.27
340,Harshvardhan B Sekhsaria,124.66,7533.96,2486.52,13337.53,2.01
341,HCL Global Processing Services Ltd,159.94,2321327.72,-150477.70,190784.58,0.04
342,HDFC Bank Limited,49667.22,13679058.98,243050.64,7294388.64,0.54
343,HDFC Securities Ltd,4848.42,415580.19,153224.27,461627.36,1.26
344,HEDGE FINANCE LTD,176.39,30618.76,-1143.74,22606.49,0.65
345,HEMANT FINSERVE LLP,176.00,3815.61,715.59,13315.63,3.60
346,Hemant Satyavan Shah,88.21,10835.21,2035.43,13487.61,1.34
347,Hemant Suryakant Powale,184.04,7112.78,3501.59,14663.00,2.29
348,Hexagon Capital Advisors Private Limited,178.48,29171.73,2951.93,28743.78,0.96
349,Hexagon Wealth Advisors,334.14,15966.48,-368.57,32656.11,1.98
350,HFI WEALTH CREATORS PVT LTD,371.11,32460.64,16562.76,47605.91,1.79
351,HM Mercantiles Pvt. Ltd,980.94,30931.33,-6670.62,113556.47,3.68
352,Holistic Investment Planners Pvt. Ltd.,86.10,3935.11,1548.63,11068.73,3.16
353,Hongkong & Shanghai Banking Corporation Ltd.,11364.47,856018.54,207873.11,1810677.52,2.11
354,I CAN Financial Solutions Pvt. Ltd.,428.76,21747.85,9302.70,37646.61,1.95
355,I2 ADVISORS,76.69,5645.62,3436.91,8263.45,2.10
356,ICICI Bank Limited,35525.62,2314249.28,73892.02,4180324.88,1.80
357,ICICI Securities Limited,31885.25,1779145.82,265911.21,3451032.62,2.05
358,ICOACH FINANCIAL CONSULTANCY PRIVATE LIMITED,96.24,7494.49,5135.09,10067.13,1.67
359,IDBI Bank Ltd,3119.50,930671.22,38954.03,460857.79,0.44
360,IDFC FIRST BANK LIMITED,373.89,67707.91,6961.91,61857.14,1.11
361,IFAN FINSERV PRIVATE LIMITED,336.28,96675.46,-27191.23,65254.47,0.42
362,Ifast Financial India Pvt Ltd,1271.96,65693.25,-23086.33,177536.74,2.68
363,IIFL SECURITIES LIMITED,2656.03,249423.18,63722.60,315313.96,1.31
364,IIFL WEALTH ADVISORS INDIA LIMITED,2285.86,743082.88,-62107.06,434996.03,0.49
365,IIFL Wealth Management Limited,17611.35,14461582.04,-359010.57,3056817.87,0.19
366,Immensus Wealth Management LLP,123.70,6274.12,745.01,14463.96,2.27
367,Imperial India Investment Company,132.74,5739.77,1547.63,13295.13,2.48
368,Imperial Investment Consultancy Services Pvt. Ltd.,309.36,29498.28,3821.19,34122.56,1.26
369,Imperial Prime Consultancy Private Limited,129.57,4986.53,2787.98,14291.30,3.25
370,Imperial Wealth Services,116.43,4351.72,-3658.50,19163.56,4.01
371,Indian Overseas Bank,65.05,9204.57,2177.80,12059.87,1.35
372,IndiaNivesh Securities Limited,135.23,27127.58,-6390.50,18520.55,0.53
373,Indira Jitendra Udani,127.16,30702.57,13228.19,21098.50,0.81
374,Indsec Securities And Finance Ltd.,778.04,8974.20,-207710.22,160052.30,7.10
375,Indus Capital,954.58,23196.08,3358.55,75775.72,3.69
376,Indus capital,114.02,1872.25,1074.88,6615.22,5.17
377,INDUS CAPITAL,29.27,3556.10,2388.19,9686.58,5.57
378,Indusind Bank Ltd,9494.48,237239.38,49409.02,679541.76,2.90
379,INFINITY CAPITAL,175.81,7390.16,2381.06,25008.25,3.64
380,Infinity Finserv (P) Ltd,272.98,8908.68,675.29,26473.01,3.04
381,Insoft Financial Services,98.30,3564.25,529.28,11126.89,3.27
382,Insynch Wealth Management LLP,153.12,7987.46,1873.40,20479.61,2.65
383,Integra Securities Private Limited,78.23,3978.97,628.61,11662.24,3.10
384,INTEGRA WEALTH PLANNERS LLP,106.94,4382.00,1868.72,12563.44,3.25
385,Integrated Enterprises (India) Pvt Ltd,2019.07,70515.87,28178.37,241722.67,3.63
386,International Money Matters Private Limited,382.20,11972.65,-20690.54,52547.85,3.38
387,Intrust Advisors LLP,461.40,20416.75,3747.17,51642.81,2.66
388,Invest & Prosper Financial Services,141.85,5135.12,1272.15,16902.51,3.44
389,Invest India Micro Pension Services Pvt Ltd,12.39,335.60,-3835.53,18189.11,49.94
390,Invest 'N' Gain Financial Services,241.08,10591.99,471.70,16041.01,1.02
391,Invest Search,99.34,5379.94,1326.55,10782.07,2.12
392,InvestAscent Wealth Advisors Pvt Ltd,286.51,21650.11,-9814.66,31465.79,1.03
393,Investmentadvisorindia.com,128.52,14300.16,-16035.32,14669.19,0.71
394,Investor Point,109.08,4141.07,2275.67,11182.24,2.97
395,Investor Shoppe Consultancy Private Limited,380.36,9870.43,2344.99,30797.96,3.09
396,INVESTPRO FINANCIAL SERVICES PRIVATE LIMITED,48.81,3386.49,1216.47,10207.58,5.46
397,Ipcon Associates,99.11,11423.10,4252.55,12075.59,1.33
398,Iqbal Singh,324.72,13954.22,333.91,32264.80,2.42
399,Ishwar Chandra Baid,62.29,7437.14,-280.65,7769.49,0.99
400,Ishwar Financial Services,229.01,7106.70,477.16,25375.68,3.67
401,ITI Securities Broking Limited,118.52,16441.80,-1005.95,18138.71,1.27
402,J R Laddha Financial Services (P) Ltd.,1186.85,150675.02,-42873.82,169294.84,1.02
403,Jackson Consultants,110.84,4339.92,389.38,10471.31,2.55
404,Jain Bros,80.99,5607.25,2876.57,12124.26,2.60
405,Jain Consultancy,469.08,154820.16,-7480.36,38134.35,0.18
406,Jain Investment Planner Pvt Ltd,1361.20,41633.93,14376.92,89572.35,2.27
407,Jainy Tejash Shah,163.49,8742.39,1766.62,25740.03,3.14
408,Jalan Financial Services,97.82,80549.78,38310.35,36504.56,0.64
409,Janak Dulari,112.27,4397.66,1878.52,10049.22,2.54
410,Janak Merchant Securities Pvt Ltd,67.69,84816.60,-586.10,20078.36,0.23
411,Japna Sharma,77.13,5252.38,258.66,4184.36,0.89
412,Jash Consultancy,121.14,5801.93,921.34,12486.41,2.33
413,Javahar Kuttypady,97.12,3613.09,1363.06,11951.71,3.60
414,Jayakumari Ishwarlal Shah,220.46,807.01,-990.36,19677.23,25.45
415,Jayanta Ghosh,74.97,9705.45,348.36,12312.20,1.38
416,Jayaprakash Polavarapu,74.04,3859.21,502.12,8245.50,2.22
417,Jayasha Share Consultants,189.83,8984.14,4446.22,17516.80,2.25
418,Jayesh Subhash Salvi,256.69,5415.08,2306.61,17844.03,3.42
419,Jayshree A Shah,75.37,1179.04,176.05,11598.92,10.26
420,Jennifer Maria Mendes,452.27,16865.91,3699.04,35306.26,2.26
421,Jerry John Kadampatt,125.44,2350.84,1900.16,8411.41,4.03
422,JHAVERI SECURITIES LTD,737.37,41102.17,14615.20,74046.41,1.90
423,Jignesh Lalitbhai Kapadia,89.89,2784.54,655.78,10733.74,4.10
424,Jignesh P.Shah,111.54,4987.38,3766.81,7727.43,1.78
425,Jignesh V Shah,144.34,4283.70,804.14,16262.98,4.10
426,Jiten Arjun Karnani,146.59,15961.06,3674.78,19343.15,1.33
427,Jitendra Jaiswal,107.61,7324.79,2180.44,13003.21,2.05
428,JK Securities Pvt. Ltd.,127.21,11588.45,2008.27,11805.58,1.07
429,JM Financial Services Limited,6223.37,5812213.11,-212574.00,1192629.72,0.19
430,Joseph Elias Menezes,100.67,3005.92,2082.50,10926.78,4.08
431,Joseph Pearl Stanley,101.74,2357.96,987.50,9664.25,4.42
432,Jugal Kishore Marwaha,97.70,633.02,-153.14,5957.47,8.77
433,Julius Baer Wealth Advisors (India) Private Limited,9056.35,1096279.23,16150.83,1383796.50,1.39
434,Jury Advisory Services Pvt Ltd,142.68,2969.37,478.55,15432.23,5.38
435,Jyotsna Amarish Shah,102.35,3727.59,1004.78,10298.00,2.91
436,K Arun Kumar,144.16,11320.54,672.71,14297.02,1.23
437,K Sarath Kumar,118.31,8693.99,1878.57,13888.23,1.70
438,K W Wealth Advisors Pvt Ltd,223.01,12731.52,1635.64,26622.44,2.15
439,Kaajal Suresh Thadani,180.98,8088.82,421.12,18090.84,2.30
440,Kailash Narain Datt,81.37,2304.54,-320.41,12839.81,5.74
441,Kalariya Ravi Keshavlal,102.75,4694.72,2245.17,10487.39,2.54
442,Kalyani Capital Services Pvt. Ltd.,239.78,12203.83,3745.35,26107.96,2.29
443,Kalyani Ketan Rachchha,155.75,5127.94,474.21,13478.66,2.69
444,Kanchan Hiralal Jain,119.74,10.93,-1187.03,10128.23,895.84
445,Kanga Financial Services Pvt Ltd,190.20,6537.11,1342.55,25921.29,4.17
446,KANGAROO ADVISORS,145.58,13549.22,6092.87,15936.45,1.41
447,Karan Agarwal,167.28,7926.10,2204.29,13299.70,1.87
448,Kartik Amrish Gandhi HUF,553.14,41919.59,13143.78,42410.83,1.15
449,Karvy Stock Broking Limited,8800.57,719645.92,103852.75,1017024.30,1.48
450,Kaushal Kumar Patel,59.17,3778.71,234.24,6427.94,1.98
451,Kaushik Nagindas Shah,66.68,4470.45,887.81,9232.59,2.30
452,Kaushikkumar Harmanbhai Patel,85.84,2718.13,1209.15,12058.15,4.78
453,kaveesha Investment Solution Pvt.Ltd.,105.75,3619.06,921.04,8583.84,2.59
454,Kedar Dattatraya Borgaonkar,76.50,2587.45,483.65,11611.17,4.60
455,Ketan Jayantilal Shah,72.84,5431.53,556.83,11032.34,2.06
456,Keval Jaysinh Gemani,78.82,5315.43,1839.87,11988.28,2.19
457,Keynote Consultancy,238.89,11124.40,-2397.63,18068.02,1.62
458,KFIC Securities Ltd,79.65,992.03,-211.39,11797.63,11.91
459,KINJAL INVESTMENT CONSULTANCY,239.52,69979.68,-1560.55,31458.83,0.43
460,Kirti Tejas Merchant,193.57,4602.02,-3846.69,19712.63,3.63
461,Kishore N.Kewalramani,251.16,9774.82,2229.31,19342.42,2.04
462,KMP Consulting,122.17,10545.17,1425.85,14723.79,1.46
463,KNS Consulting Pvt Ltd,920.86,238162.52,8736.62,223161.21,0.97
464,KONFIDO ADVISORS PRIVATE LIMITED,62.60,44289.43,15226.45,8198.46,0.37
465,Kooran Varghese Polson,379.57,23694.96,4410.35,41169.65,1.80
466,Kotak Mahindra Bank Limited,25500.71,3450356.09,-362798.75,3755479.95,1.08
467,Kotak Securities Ltd,861.88,117704.21,1640.52,128263.50,1.20
468,KPW Insurance & Investment Consultants (Pvt.)Ltd,173.50,10632.83,2311.84,16620.90,1.62
469,KREDERE WEALTH PARTNER PVT LTD,665.56,80440.52,-7828.76,103219.17,1.33
470,Krishan Murari Gupta,109.41,3551.55,643.65,11928.23,3.53
471,KRM FINANCIAL CONSULTANTS,86.38,9318.28,3105.87,2950.06,0.48
472,Krupa Enterprises,85.11,2341.90,72.13,11158.18,5.03
473,KRUSHNA FINSERV LLP,1464.05,23580.48,7689.03,97259.19,4.67
474,Kshitiz Agarwal,135.53,9248.36,3196.55,14652.84,1.85
475,Kukku Consultants Private Limited,455.54,14322.24,1582.61,35865.95,2.64
476,Kumaraswamy C.V,117.81,6357.91,-3595.98,13452.65,1.89
477,Kumud Ketan Dedhia,139.31,4788.01,1339.51,19367.33,4.27
478,Kuncham Investment & Financial Services,135.75,3797.66,-66.75,9061.93,2.37
479,Kurnala Umarani,57.78,16688.43,5881.78,9332.80,0.64
480,L & T CAPITAL MARKETS LIMITED,5248.86,36995301.01,245314.34,1004289.47,0.03
481,L&T Capital Company Ltd,115.60,221528.48,-29091.75,7491.45,0.02
482,LA CREME DE LA CREME SERVICES LLP,663.03,420225.17,73492.38,105145.55,0.29
483,LADCO CREST WEALTH MANAGEMENT SERVICES LLP,107.66,6937.66,1100.73,10844.76,1.64
484,Ladderup Wealth Management Pvt Ltd,393.14,34098.80,-3329.45,48964.93,1.51
485,Lakshmi Enterprises,81.20,2240.93,-24897.10,30876.09,5.27
486,Lakshminarayanan Kumaar.,85.43,3606.66,735.86,9905.68,2.89
487,Lalit Kumar,92.46,1792.86,124.89,12304.37,7.21
488,Lallit Tripathi,102.03,22401.81,-3522.31,17106.94,0.74
489,Laxmi Narayan Gupta,148.82,7535.56,2067.50,16653.48,2.41
490,Leader Care Finance,858.61,39579.91,427.94,162843.83,4.16
491,LICHFL Financial Services Ltd,417.84,42520560.67,192924.87,971560.49,0.02
492,LIFE PLUS,191.61,6694.05,2393.47,17569.42,2.86
493,LINTAS MONEY,200.37,121513.39,-54849.55,32681.51,0.09
494,LIVRICH WEALTH SOLUTIONS,101.42,9141.15,3374.40,12326.88,2.04
495,LKP Securities Limited,238.05,258734.23,24187.63,46795.94,0.21
496,Lotus Knowlwealth Private Limited,120.89,2319.14,280.06,12165.49,5.43
497,Lotus Mint Advisors Private Limited,132.61,14326.06,3983.57,13847.74,1.09
498,M D Saraf Securities Private Ltd.,270.04,13442.90,-6089.45,36359.34,2.76
499,M K Financials,111.20,12975.77,-3460.39,11820.53,0.76
500,M Venkateswaran,88.30,6062.96,3124.54,9158.57,1.79
501,M.Ramachandran,96.01,3426.02,523.38,11483.47,3.49
502,M/S ARWIND M SHAH,45.26,4732.51,787.44,10208.99,2.22
503,M/S Milestone Financial Consultants,147.69,5885.74,2781.78,14629.40,2.81
504,M/s Oracle Capital Advisory Service,117.97,38937.57,1409.43,17746.10,0.47
505,M/s V.R. INVESTMENTS,338.92,14053.26,2686.20,38284.12,3.01
506,Maarg Financial Planners Pvt Ltd,124.90,6475.21,1269.82,15084.90,2.44
507,Madhuvan Securities Private Limited,561.68,1271795.07,-11117.71,232489.14,0.19
508,Mahesh G Gattani,132.04,6798.30,1661.68,11238.31,1.78
509,Mahesh Sawaika,113.21,3432.37,1317.16,6611.45,2.16
510,Mahindra & Mahindra Financial Services Limited,326.06,7821702.39,-111647.63,180485.36,0.02
511,Mahodadhi Securities Pvt Ltd,89.62,5090.81,2876.41,7446.39,1.79
512,Mangal Deep Financial Services,125.46,3523.42,883.01,11941.63,3.57
513,Mangsidhesh Investments Pvt Ltd,505.11,10929.64,763.51,42937.60,4.01
514,Mani Sharma,176.62,8650.68,2450.97,17914.78,2.23
515,Manju Kumari,71.30,1316.78,603.09,9428.26,7.77
516,Manjula S,480.86,48946.39,9677.99,81654.87,1.65
517,Manjulaben Nagindas Hajariwala,138.91,11117.68,-2019.72,11207.78,0.87
518,Manoj D Shankar,227.52,9927.80,2418.79,29156.73,3.06
519,Manthan Shah.,67.93,4408.92,1897.98,9738.62,2.57
520,Manu Financial Services,161.27,5797.01,3405.11,18912.38,3.63
521,Marwadi Shares And Finance Limited,97.31,73980.29,16431.15,14865.21,0.29
522,MARWAHA CONSULTANTS PVT LTD,126.42,8417.49,1051.43,26508.92,4.34
523,MARWAHA HOLDINGS PRIVATE LIMITED,143.90,4365.00,1632.87,18931.14,6.73
524,Master Capital Services Ltd,218.60,65367.38,1086.17,41143.90,0.66
525,Mata Securities India Pvt. Ltd,793.29,8624629.14,-190098.05,470512.37,0.04
526,Megriar Advisors Private Limited,101.25,2621.38,-1769.68,12013.93,4.28
527,Mehul Hasmukhbhai Shah.,96.38,5270.49,-37.90,10238.03,2.05
528,Mentor Wealth Consultants Pvt Ltd,153.49,12889.43,1974.24,13748.75,1.17
529,MEPHEZALEA ADVISORS LLP,305.94,18507.02,1350.22,52471.90,2.76
530,Merchant Investment Consultancy Private Limited,374.12,9944.14,3067.10,40288.99,4.13
531,Meri Punji Imf Private Limited,149.86,11491.53,486.30,15496.85,1.42
532,MFA Consulting Pvt. Ltd.,1194.22,39271.70,14855.16,123270.12,3.49
533,MFA WEALTH SOLUTIONS PRIVATE LIMITED,177.04,13145.30,5916.92,16426.47,1.51
534,Michael Duarte,79.19,2977.96,1174.51,10671.62,3.82
535,MIDAS FINSERVE PRIVATE LIMITED,120.55,21115.43,7308.07,11949.12,0.78
536,Milestone Financial Advisory Pvt Ltd,521.11,30591.64,2795.32,47928.36,1.55
537,Milestone Portfolio Consultants Private Limited,118.03,7260.22,3175.02,12951.52,1.96
538,Milind Khasnis,137.16,4029.87,1303.38,13702.64,3.56
539,Millennium Finance Limited,440.46,19537.75,-12841.09,49159.75,2.21
540,Minesh R Dalal,96.17,4201.92,1413.84,11272.63,2.90
541,Mitul Pravinchandra Desai,137.49,53426.21,1625.14,12401.41,0.25
542,Mohit Beriwala,162.27,8779.21,2429.39,12788.36,1.80
543,Moksh Consulting,258.62,15385.03,4692.07,25627.77,1.85
544,MONETA GLOBAL ADVISORS,104.84,7268.50,1092.27,7963.11,1.16
545,Monetonic Financial Services Pvt. Ltd.,318.16,16595.27,6158.45,30113.97,2.06
546,MONEY BOLISM FINANCIAL SOLUTIONS PRIVATE LIMITED,150.80,7141.38,4066.87,20021.13,3.30
547,Money Honey Financial Services Pvt Ltd,515.22,26964.78,5159.09,53363.73,2.06
548,Money Options Services Pvt Ltd,164.03,3853.43,1185.73,18239.63,4.96
549,MONEY PLANT CONSULTANCY,112.13,6539.11,2848.35,9174.53,1.68
550,MONEYGAIN CONSULTANTS PRIVATE LIMITED,785.43,47876.45,5508.37,63018.88,1.44
551,MONEYMATICS FINANCIAL SERVICES LLP,479.42,19408.65,6021.75,41159.30,2.24
552,MONEYPLUS FINANCIAL AND CONSULTANCY SERVICES LLP,77.05,7186.14,1145.22,9787.57,1.53
553,MOTILAL OSWAL FINANCIAL SERVICES LIMITED,463.63,163614.36,70667.36,112618.72,1.37
554,Motilal Oswal Securities Ltd.,1726.71,26512.54,13078.13,117299.61,0.43
555,Motilal Oswal Wealth Management Ltd,2712.48,417908.64,22382.53,415182.68,1.12
556,MPOWER FINANCIAL ADVISORS,144.83,3665.92,-7754.90,12337.76,2.71
557,Mridula Chadda,91.39,3441.79,448.03,10108.23,3.06
558,Mrigendra Kumar Mishra,92.09,4047.62,2016.13,10905.85,3.01
559,MSM WEALTH CREATORS,97.72,6926.36,3081.07,8264.05,1.56
560,MUDRA CONSULTANCY GROUP PRIVATE LIMITED,99.23,4855.78,304.84,9663.75,2.76
561,Mukesh Dokania,221.93,18796.60,1171.35,16434.85,0.89
562,Mukesh Kumar Vinodlal Shah,167.44,12683.10,-784.63,13179.27,1.05
563,Mukesh Kumar.M,200.40,4550.35,-963.62,23928.37,5.46
564,Mukesh P Mehta,201.31,4018.86,772.48,12056.96,3.18
565,Mukesh R Parikh,544.44,9079.54,-2003.26,53819.44,5.94
566,Mukul Pravin Kulkarni,139.08,148226.55,927.34,16848.44,0.11
567,Mukund Seshadri,239.91,15667.64,7381.37,27018.51,1.99
568,Muthoot Securities Ltd,1256.37,2225011.30,13824.42,127137.29,0.03
569,MUTUAL CAFE,239.08,7474.42,1377.55,13688.67,1.97
570,MUTUALFUNDWALA,333.66,25333.50,4040.00,29946.59,1.51
571,NAGDEV WEALTH PLANNING SERVICES LLP,156.95,2702.35,951.04,9709.43,4.11
572,Naik Wealth Planners Pvt Ltd,1286.69,40421.78,14961.23,95535.04,2.82
573,Nand Kishore Kothari,141.44,6764.91,3000.36,15548.05,2.56
574,Nandkishor Yeshwant Sinari,80.63,2892.98,1525.42,11629.03,4.38
575,NARAIN FORTUNE INVESTMENT LLP,96.37,2823.65,1637.49,8164.23,4.04
576,Narendra Shrikisan Agrawal,76.38,2317.28,218.26,6447.77,2.98
577,Naresh Popatrao Karpe,131.53,6359.46,538.89,16732.54,2.68
578,Narnolia Financial Advisors Limited,123.58,16244.20,1478.84,18800.60,1.87
579,Narnolia Securities Ltd,210.12,6098.72,1544.19,17938.12,1.56
580,Naveen Rego Wealth Managers Pvt. Ltd.,95.17,2129.99,8.42,8296.33,5.46
581,Navneet Kumar,429.58,16471.27,3056.89,33499.89,2.13
582,Nayan Balmukund Saraiya,316.84,8612.74,3473.53,23679.03,2.84
583,NDA Securities Limited,52.92,4371.83,757.45,10302.82,2.56
584,Neela Mehul Adalja,81.24,2037.69,1679.34,6091.36,3.54
585,Nestegg Wealth Solutions LLP,269.06,22732.44,5716.53,30543.80,1.54
586,Net Brokers Private Limited,166.80,10534.65,6147.31,18018.53,2.03
587,Networth Wealth Solutions Ltd,79.51,26184.04,1317.52,11997.24,0.46
588,Neville Mehli Poncha,121.43,12563.04,1213.58,13580.28,1.12
589,Niblick Capital Growth Private Limited,128.85,9661.87,2002.66,15211.25,1.68
590,Nikhil Jitendra Anandpara,124.76,6243.29,3909.73,10888.94,2.12
591,Nilgiri Financial Consultants Ltd,358.17,263167.26,165996.51,64143.60,0.78
592,Nilkanth K Nagarkar,189.61,7497.00,-5717.42,19228.47,1.92
593,Nimish Kantilal Unadkat,145.34,7318.86,1700.68,23297.36,3.33
594,Nirmal Bang Wealth Solutions Private Limited,363.42,263064.23,3556.91,44364.15,0.16
595,Nitin N Odhawani,146.49,5190.39,230.70,25308.70,5.18
596,NJ IndiaInvest Pvt Ltd,80767.19,2835659.90,1114871.14,6294656.10,2.44
597,NNP FUNDS,84.12,6683.07,4235.84,5932.17,1.57
598,Nonie Kapoor,392.20,27126.00,6826.15,59466.32,2.36
599,Nooney Madhava Siva Prasad,66.30,2667.25,404.23,7658.72,3.02
600,Nutan Lancelot Dcunha,93.48,6642.97,3409.49,9517.70,1.76
601,o3 Securities Pvt Ltd,46.56,70871.42,52194.38,12576.38,0.69
602,OCEAN CAPITAL MARKET LTD,660.87,97524.51,-46505.87,88252.66,0.62
603,Om Apex Investment Services Private Limited,307.87,14717.76,5185.49,24512.55,1.83
604,Om Enterprises,61.68,3778.86,1765.49,9979.60,2.93
605,Om Sanchay Insurance Agency,120.17,11792.15,227.01,7963.46,0.61
606,Om Spectrum Financial Consultants Pvt. Ltd.,324.22,20736.27,2379.48,46455.59,2.35
607,Om Web Tech Pvt Ltd,103.48,13219.09,4948.30,9097.46,0.91
608,OMEGA FINANCIAL,146.96,5214.35,1601.52,12447.86,2.56
609,Opulence Wealth Labs (P) Ltd,93.26,9130.89,1963.82,12320.92,1.50
610,ORANGE GLOBAL ADVISORY PVT LTD,190.25,20288.93,4047.97,15041.13,0.89
611,Oriental Bank Of Commerce,31.30,9449.24,3980.72,11572.59,1.34
612,Oswal Dhan Private Limited,358.89,10722.66,4667.83,38727.76,3.98
613,OUTLOOK ASIA CAPITAL,175.37,6544.81,2858.82,16957.21,2.93
614,Oxyzen Financial Advisory And Services Pvt Ltd,123.17,27856.35,-632.45,19958.32,0.72
615,P And M Consultants Pvt Ltd,251.21,6470.12,-122.19,19225.42,2.94
616,P K Martin,61.95,2333.27,-180.28,6251.44,2.50
617,P.H. Financial & Investment Consultants Pvt. Ltd.,318.54,1067855.34,-13662.62,67430.29,0.03
618,Pace Financial Advisors LLP,155.15,373695.05,36094.46,26095.50,0.10
619,Padam Singh Raj Purohit,252.59,2057.72,-9738.72,26896.90,9.65
620,Padmanaban B,145.69,12078.08,2101.27,12881.82,1.08
621,Paisabazaar Marketing And Consulting Private Limited,204.92,10607.79,-53238.93,42586.94,0.41
622,Palani Dhamodar,126.76,2869.96,-150.49,13821.96,5.01
623,Pallav Bagaria,235.31,3562.32,191.63,15004.50,0.07
624,Pankaj Sidana,104.40,10357.29,489.09,11312.57,1.10
625,Panna Rajendrakumar Parikh,102.51,1293.64,806.70,6171.24,5.06
626,Param Wealth Managers LLP,265.45,7753.66,1780.36,18628.43,2.67
627,PAREKH INVESTMENT SERVICES,89.60,10902.39,287.74,9417.98,0.92
628,Paresh Gopal Bhide,102.66,1419.62,781.89,7027.00,5.24
629,Paresh Shantilal Kariya,337.25,27709.19,1529.64,14041.54,0.01
630,Parimal Sadashivrao Ade,168.39,6125.64,1500.53,16385.01,2.85
631,Parita Sandeep Gandhi,54.62,1513.61,106.09,6290.17,7.03
632,Parth Shah,129.96,9776.70,2998.07,12301.61,1.37
633,Paterson Securities Pvt Ltd,178.56,9992.29,1947.72,29833.59,3.07
634,Pathik Shah,97.87,3936.81,580.01,11399.35,3.01
635,Pawan Gupta,50.90,1539.03,-1384.77,11937.36,7.67
636,Pawan Kumar Agrawal,153.61,7645.98,317.68,16070.13,2.11
637,Peakalpha Investment Services (P) Ltd.,547.11,42228.44,22267.45,63593.80,1.77
638,Peerless Financial Products Distribution LTD,71.46,1537.48,-815.80,5101.27,3.12
639,Pegasus Advisory Private Limited,161.18,27221.34,1749.38,27119.27,1.04
640,Pelican Wealth Managers Pvt. Ltd.,62.91,1083.10,-1581.05,11946.97,10.05
641,Pentagraph Partners,171.89,9797.26,4309.12,20899.86,2.40
642,Perfect Investments,99.06,3013.13,1711.58,9855.16,3.61
643,Pihas Mukesh Parikh,166.08,3101.02,968.31,13759.37,4.73
644,Pinakini Share & Stock Brokers Ltd,126.49,46491.07,-8447.08,37320.69,0.62
645,Pioneer Client Associates Private Limited,5932.60,324800.38,23426.63,631880.63,2.01
646,Pivotal Enterprises Private Limited,70.38,50261.55,-1448.44,17280.44,0.32
647,Plan Ahead Wealth Advisors Pvt. Ltd.,169.85,32922.54,2170.57,33102.19,0.96
648,PLC Securities Ltd,276.02,10338.54,-15664.75,54390.25,4.94
649,PMPK WEALTH ADVISORS PVT LTD,272.06,19925.12,8555.03,33233.78,2.02
650,Poddar Financial Services,173.24,38354.82,-350.19,23971.48,0.65
651,Pooja Aggarwal,69.55,2124.40,93.09,8295.60,4.10
652,Poornima Jain,174.08,449.97,-2494.32,15827.31,33.10
653,Porecha Global Securities Pvt Ltd,97.65,6578.61,1193.42,11387.84,1.91
654,Power Pusher Financial Services LLP,356.18,18214.50,2536.54,48095.66,2.80
655,Prabhudas Lilladher Pvt Ltd,153.60,90576.15,9239.63,36203.35,0.36
656,Prajakt Dilip Bhandare,77.40,12261.25,-373.07,15952.78,1.37
657,Prakala Wealth Management Private Ltd,190.50,8913.21,3940.05,16549.69,2.12
658,Prakash Hariram Lohana,139.41,8652.56,3101.68,16925.59,2.18
659,Prakash Investments,144.75,3784.64,1999.72,13231.22,3.79
660,Prakash Mahendra Thakkar,124.58,5224.34,1663.37,15726.01,3.12
661,Pranav Anant Gadgil,97.71,3689.99,1905.31,10625.40,3.15
662,Pranjal Apoorva Wagh,152.08,15456.21,5406.92,15118.41,1.11
663,Pranjit Gogoi,51.48,2064.83,1560.34,2761.55,1.64
664,Prasad R Sangam,117.37,6576.07,3035.93,15304.35,2.61
665,Prashant Murlidhar Bagad,100.66,3241.95,1122.08,12135.13,3.80
666,Praveen Mahabirprasad Dalmia,77.05,3321.56,1489.81,10824.89,3.70
667,Premin Securities,132.09,4063.77,325.91,13616.54,3.54
668,Prescient Financial Solutions,526.95,105223.59,-27.42,75452.48,0.72
669,Prime Gold Securities,112.02,1251.09,-57.24,9462.42,7.53
670,Prime Gold Wealth Management Services Pvt. Ltd.,122.79,7566.06,4724.46,10770.50,1.76
671,Prime Research & Advisory Limited,407.25,81598.84,-48756.06,28284.01,0.02
672,PRIME WEALTH SOLUTIONS,83.60,8188.19,-2499.09,18166.40,2.94
673,Priti Ajit Kucheria,242.06,15027.48,3965.84,26161.25,1.86
674,Priyanka Wealth Management Pvt Ltd,154.29,6003.34,3757.08,16360.91,3.10
675,PROAFFLUENCE ADVISORY SERVICES PRIVATE LIMITED,112.28,13761.55,8071.32,12913.54,1.40
676,Probin Agarwalla,139.50,5791.93,1441.78,11714.82,2.18
677,Profit Mantra,120.44,7413.59,1502.33,13713.72,2.09
678,PROINVEST WEALTH MANAGERS PVT LTD,196.21,8275.38,1547.67,22089.80,2.94
679,Prokens Opesmetrics Pvt Ltd,95.48,6044.07,2205.83,11598.30,2.16
680,PROLIFIC FINVEST PRIVATE LIMITED,136.84,1724344.77,-79251.66,195242.02,0.04
681,Prudent Bull Wealth Management Private Limited,108.37,6584.68,3920.87,8901.13,1.70
682,Prudent Corporate Advisory Services Ltd,23471.68,1137715.56,408126.43,1903333.67,1.88
683,PTIC (P) Ltd,400.29,12191.84,1266.76,34594.90,2.92
684,PUNISKA INDUSTRIES PVT LTD,140.43,70583.46,12916.64,23699.75,0.38
685,Punjab National Bank,421.87,353001.76,-22070.58,74008.42,0.16
686,Purnima Securities Pvt Ltd,167.75,61552.64,3162.63,29900.18,0.53
687,PUROHIT CONSULTANCY LLP,517.96,14769.86,7055.41,32468.62,2.42
688,Purplepond Investment Advisory Private Limited,176.84,16307.95,7699.77,20403.38,1.47
689,Purushotham Reddy Pattubala,66.67,113938.20,599.87,8378.63,0.03
690,PW Fund Managers Private Limited,128.51,8946.13,2468.91,10281.67,1.26
691,Quadratic Financial Services Pvt Ltd,166.77,9884.63,4153.55,22985.85,2.48
692,Quant Capital Advisors Private Limited,412.14,23093.96,-4110.42,69396.90,3.00
693,Quantum Information Services Private Limited,55.02,2051.95,-585.81,14073.13,7.11
694,Quinstinct Advisory Pvt Ltd,54.88,6834.20,4057.17,9881.36,1.84
695,R.L.P. Securities Pvt. Ltd.,221.63,91875.25,-15641.42,70380.09,0.47
696,RACH INSURE INVEST,472.53,19032.49,5102.92,36757.14,2.02
697,Rachit Consultants,420.95,22205.11,359.38,49562.65,2.29
698,Raedan Securities LLP,117.58,20538.39,443.15,18061.91,0.87
699,Rahul Sethia,174.32,6625.14,2456.68,10885.93,1.89
700,Rainbow Consultancy,112.41,21306.44,1679.12,17991.82,0.89
701,Rajaram Management Services Pvt Ltd,76.91,7750.73,-1168.21,22841.40,2.75
702,Rajat Bhargava,207.48,14086.82,-1635.06,26072.01,1.67
703,Rajat Khanna,371.96,23410.84,719.38,21764.51,0.94
704,Rajbir Singh,426.75,22507.24,4689.09,54203.31,2.55
705,Rajeev Kumar Singh,98.81,12917.70,14.94,9056.12,0.73
706,Rajeev Murarka,127.74,17687.37,2064.63,15564.73,0.98
707,Rajendra Pachare,166.71,4162.03,1400.96,16525.92,4.23
708,Rajesh Kadam,78.65,8315.97,3518.14,10427.74,1.40
709,Rajesh Kr Sodhani,132.74,5076.24,2933.97,11550.82,2.50
710,Rajesh Kumar Bhutra,112.91,4923.72,2161.53,9535.06,2.20
711,Rajesh Sarawgi,58.87,3817.51,1912.39,11411.34,3.35
712,Rajesh Tuteja,160.30,4716.49,2385.00,5788.00,1.51
713,Rajinder Pal Singh Anand,216.78,2971.71,955.86,28088.16,10.07
714,Rajiv Bose,172.59,14032.62,-145.70,6936.99,0.50
715,Rajiv Suri,78.55,3461.71,43.39,12602.89,3.80
716,Rakesh Pasricha,409.72,10812.66,1920.08,42323.34,4.11
717,Ram Advisory Services Pvt Ltd,85.93,2305.87,1111.63,10380.99,4.82
718,Ram Kishore Jha,115.62,3060.27,1429.26,10490.36,3.69
719,Ramakrishna Kolluri,112.73,3493.77,890.26,10197.88,3.25
720,Ramesh Chand Maloo,520.26,25458.72,4673.22,55641.95,2.33
721,Ramesh Chander Anand,58.49,1775.57,-746.29,5200.10,2.93
722,Ramesh Valab Nainani (Huf),126.93,5892.35,2261.18,15423.68,2.76
723,Ramkumar H Barchha,197.57,12672.58,3554.40,23614.98,2.05
724,Ranjan Chandok,71.33,7018.98,2516.58,9654.35,1.66
725,Ranjan Simanchal Panigrahi,652.86,347949.36,-140462.72,73208.33,0.04
726,Ranna Amit Thakkar,121.80,3007.26,1521.05,10149.45,3.68
727,Rashmi Rajendra Pachare,92.47,1877.53,235.45,9825.99,5.46
728,Rashmi Thukral,565.38,14351.32,3331.42,42647.57,3.20
729,Raunak Ramuka,117.13,14315.71,5409.09,8704.66,0.68
730,Ravindra Rajendra Oberoi,308.09,13400.80,-1181.13,45875.70,3.30
731,Raviraj Investments Corporate (India) Pvt Ltd,264.40,5570.95,2063.73,23091.33,4.32
732,RBL Bank Limited,1015.24,143876.89,16494.24,133133.60,0.97
733,RBM Investment Services,115.34,6879.90,2183.15,12554.08,1.94
734,Relacs Investment & Financial Services Pvt Ltd,267.86,10334.53,3703.29,29380.04,3.02
735,Relan Industrial Finance Ltd.,185.97,509110.25,-3914.89,24991.85,0.04
736,Reliable Investments,336.11,8496.49,4811.91,31465.28,4.02
737,Reliance Securities Limited,447.37,82820.18,-26583.44,83987.76,0.86
738,Reliance Wealth Management Limited,392.48,56565.17,-23459.26,53938.63,0.72
739,RELIGARE BROKING LIMITED,51.71,3796.80,1329.29,6229.80,4.45
740,Right Choice Investment Shoppe,85.71,2582.90,1114.24,10678.25,4.41
741,Right Choice Securities Pvt Ltd,156.76,4632.07,162.44,18142.19,4.01
742,Right Horizons Financial Services Pvt Ltd,268.68,17147.90,2448.24,31012.04,1.86
743,Right Returns,124.24,3273.08,810.00,18515.94,5.89
744,Rikhav Suresh Desai,149.69,4266.60,1891.12,17340.03,4.28
745,RISK AND ASSET MANAGEMENT SOLUTIONS,176.17,4035.02,-1490.78,16533.37,3.81
746,Ritesh D Sheth,90.87,2202.00,285.25,11143.00,5.32
747,RM ASSET ADVISORS LLP,174.28,10036.06,6519.59,14212.41,1.84
748,RMS COLLECTIONS,36.55,11122.21,1361.08,11166.28,0.96
749,Rohan Maurya,130.61,3193.47,704.98,14747.99,4.90
750,Rohit Anand Das,295.79,12268.01,-1723.88,15708.59,1.34
751,Rohit Singh,100.49,29.21,-154.17,8834.13,274.47
752,Rohitashwa Kumbhkar,174.88,22426.85,4309.97,19690.87,1.03
753,Roopa Venkatkrishnan,676.57,31342.07,1938.52,89623.45,2.88
754,ROSY BLUE SECURITIES PVT. LTD.,21.98,20.09,-1464.93,13100.78,644.09
755,RPA FINANCIAL CONSULTANTS PRIVATE LIMITED,241.90,10618.64,-643.56,21275.69,2.08
756,RR Investors Capital Services Pvt Ltd.,593.12,87562.54,-14062.89,121371.55,1.35
757,Ruby Financial Services Pvt Ltd,119.71,3806.28,1319.31,11753.96,3.26
758,Ruchi Jain,85.47,9745.80,-280.31,10847.05,1.04
759,Rupam Mahapatra,124.14,4319.53,87.93,9576.45,2.29
760,Rushil Financial Services,298.64,24417.66,-232.99,40040.37,1.72
761,Russell Credit Limited,678.21,8562073.86,4050.00,333151.16,0.01
762,RVN MANAGEMENT,97.84,2286.77,-419.30,9000.97,4.65
763,S & A Wealth Managers,204.04,5051.14,1333.21,20044.12,4.15
764,S Babu Arunachalam,96.73,3686.41,1314.36,8802.94,2.56
765,S Govinda Raju,114.95,2874.72,108.47,9330.12,3.25
766,S J Investment Services Pvt Ltd,1476.43,64608.28,-962.00,136368.09,2.03
767,S S Broking House & Consultants Pvt Ltd,145.09,7099.24,1874.60,13201.37,2.06
768,S V FINANCIAL SERVICES,138.97,8899.82,2756.09,17284.50,2.11
769,S.R. Investments,114.16,6356.58,1476.51,12138.08,2.07
770,Sab Investments,154.95,98875.47,18320.24,40749.47,0.50
771,Sach Investments,75.48,3912.57,1933.90,11541.25,3.12
772,Sachin Shashikant Parekh,148.58,7814.91,2602.05,16420.59,2.31
773,Sadashiv Arvind Phene,534.92,14302.19,2292.81,52269.10,3.93
774,Safe Assets,538.42,20486.32,866.15,56421.17,2.85
775,Safe Investment & Financial Services,281.06,7364.91,736.81,27615.26,3.84
776,Saibal Biswas,182.89,7589.17,3458.33,20483.63,3.03
777,Sajag Securities Private Limited,685.65,35162.72,6266.72,66103.82,1.96
778,Saksham Securities Pvt Ltd,141.96,3693.59,1319.34,14874.58,4.34
779,Saksham Wealth Solutions Private Limited,126.53,6011.34,2828.17,15882.87,2.91
780,Salil B Kothari,314.62,20178.49,6307.63,32288.50,1.77
781,Samir Vora,198.31,12321.35,-3797.43,17749.25,1.30
782,Samruddhi Investment,173.92,6623.94,1384.21,21417.68,3.40
783,Samsang Financial Consultants,185.78,8161.21,1876.78,22031.52,2.82
784,Sanat Kacker,145.65,2709.66,1118.54,17267.77,6.75
785,SANCTUM WEALTH MANAGEMENT PRIVATE LIMITED,1083.30,146865.39,-5460.67,155068.87,1.36
786,Sandeep  Gupta,66.01,13319.24,4190.29,19304.56,1.59
787,Sandeep Garg,101.13,4589.30,405.92,8677.28,2.03
788,Sandeep J Shukla,73.35,2598.57,1215.37,10159.94,4.13
789,Sandeep Shah,134.65,2131.59,1025.03,13945.49,6.82
790,Sandesh Shenoy,114.47,20002.85,470.55,11754.99,0.60
791,Sangam Investments,124.34,2800.50,781.19,15026.19,5.67
792,Sangeeta Milind Chitnis,194.29,7088.74,1488.53,21030.06,3.06
793,Sanjay Mahendrakumar Nanavati,210.06,9654.40,1533.40,24243.70,2.48
794,Santushti Capital LLP,132.95,3636.64,787.86,12025.51,3.48
795,Santwana Nandi,58.93,1648.68,789.54,5850.89,3.87
796,Sapient Wealth Advisors And Brokers Pvt Ltd,1285.00,216323.34,13005.66,224991.20,1.28
797,Sapthagiri Portfolio Mgmt Private Limited,155.81,92965.42,9937.92,28939.20,0.39
798,Sarsa Financial Advisory Services Ltd,104.35,3245.12,1458.54,10623.17,3.58
799,SARTH WEALTH ADVISORS PRIVATE LIMITED,187.69,7719.55,4057.70,17557.97,2.70
800,Sarvodaya Finadvisory Services Pvt Ltd,329.60,15713.74,-17849.73,51597.22,2.92
801,Satish Arora,85.50,3546.98,1764.13,10649.79,3.33
802,Satvik Securities Pvt.Ltd,313.45,0.00,-68119.72,54571.84,-
803,Satyen Girish Vakil,103.95,4536.82,-2152.47,11552.66,2.17
804,SAURABH JAYANT SHAH HUF,177.57,15.50,-2720.48,18783.84,1109.46
805,Saurabh Kumar Singh,168.97,6355.94,-436.59,12323.25,1.86
806,Save & Prosper Securities Pvt Ltd,255.14,13247.12,2832.66,22709.85,1.97
807,Savitri Agrawal,155.56,6536.94,1547.26,11003.59,1.84
808,SBICAP Securities Limited,464.10,21143.48,2803.11,58526.75,2.71
809,Scripbox.Com India Pvt Ltd,854.77,55153.44,24536.94,89249.40,1.84
810,Security Investments Limited,434.85,13975.33,1784.83,60937.05,4.48
811,Seema Ramesh Nainani,123.19,4506.16,2178.34,14312.47,3.48
812,Sejal Avanish Shah,95.67,5192.60,1279.08,8712.04,2.26
813,Sewa Kaur Saini,32.65,15724.02,7265.03,5386.08,1.17
814,SFIC Fiscal Services Pvt Ltd,107.58,7014.11,-96.00,16488.20,2.21
815,Shagun Sandeep Sutaria,131.96,3765.80,-13442.22,16346.13,2.67
816,Shagun Sutaria Stock Broking Private Limited,807.85,265740.82,35428.55,153165.39,0.62
817,Shah & Shah Finsol Private Limited,396.01,22062.93,9286.48,31444.63,1.61
818,Shah Digpal Hemant,109.44,5050.20,573.64,12878.07,2.66
819,Shalibhadra Master Investment Brokers LLP,519.81,16787.43,4664.47,34976.14,2.49
820,Sharad Gupta,112.07,3129.48,1630.21,14784.65,5.24
821,Sharekhan Limited,3075.43,211562.35,96191.41,293007.17,1.61
822,Shashank Agarwal,203.36,6583.67,711.06,18959.65,2.93
823,Shashank Jain,140.47,10740.04,1578.82,15522.71,1.56
824,Shashi Shekhar Chilana,92.87,1748.54,360.49,11046.44,6.30
825,Sheetal Sitaram Upadhyay,120.13,3046.70,533.28,10623.57,3.67
826,Shekhar Madhusudan Mahore,119.09,2664.66,739.59,11380.17,4.42
827,Shenoy Investment & Financial Consultants Pvt Ltd,108.81,2445.65,776.59,9259.27,3.92
828,Shifali Satsangee,376.11,12735.59,3313.75,33626.08,2.86
829,Shivam Mehrotra,111.96,91780.16,-11060.41,12358.12,0.09
830,Shivranjani Securities Company Pvt Ltd,967.80,74587.03,516.76,159488.90,2.23
831,Shradha Gaurav Damwani,83.62,5949.79,4671.33,2914.73,0.89
832,Shrambal Consultants Private Limited,106.36,5175.28,2596.11,14487.56,3.10
833,Shree Consultants,83.25,4432.80,406.40,10069.34,2.35
834,Shree Sidvin Financial Services & Invest. Pvt. Ltd.,285.13,15224.86,4187.54,30619.29,2.16
835,Shreeji Kosh Services,88.05,15639.90,4349.63,13954.42,1.07
836,Shri Ashutosh Securities Private Limited,133.10,7618.67,1902.91,12996.66,1.83
837,SHRI BALAJI CAPITAL,101.39,4948.75,1293.73,8861.64,1.90
838,SHRI MASUN FINANCIAL SERVICES,168.79,994529.77,3185.03,34699.42,0.00
839,Shriram Fortune Solutions Ltd.,92.64,3568.16,1211.72,13034.04,3.88
840,Shriram Insight Share Brokers Ltd,463.66,792553.95,689.38,65838.04,0.08
841,Shubham Sanjay Damani,54.52,12436.77,1333.94,6835.71,0.52
842,Shubhangi Gopal Pai,151.46,15156.76,4998.37,18924.13,1.44
843,Shwetang Sanat Sheth,91.97,3806.78,869.06,9845.32,2.78
844,Shyam Singhania,96.52,1350.75,979.44,3526.20,0.10
845,Siddharam Gurusiddappa Kolkur,120.47,5554.02,1461.92,10054.32,1.94
846,Siddharth Sharathkumar,118.38,5775.94,-2600.74,12074.55,1.85
847,Sift Capital,790.87,27262.35,-1500.50,58666.78,2.23
848,SILVERLINE WEALTH MANAGEMENT SERVICES,159.11,2624.60,-738.06,12552.02,4.97
849,SIMPLICITY INVESTING ADVISORS INDIA PVT LTD,86.75,5374.28,2941.17,9817.94,2.10
850,Simpson & General Finance Company Limited,194.63,41668.34,-10115.31,74445.38,1.72
851,Sinhasi Consultants Private Limited,87.06,14906.21,1366.23,12891.41,0.96
852,SKCL Wealth Management Pvt Ltd,422.42,128395.77,4374.74,55974.61,0.40
853,SKM Management Services,336.48,862.37,-5240.72,33164.99,38.12
854,SKP Securities Limited,881.27,57769.92,-8870.36,123906.26,2.10
855,SLA FINSOL PRIVATE LIMITED,653.09,18710.91,4545.58,46406.49,3.29
856,SMARTVALUE EQUISEARCH PVT LTD,33.18,17900.34,7966.34,8729.17,0.75
857,SMC Global Securities Limited,2020.63,179952.42,38151.55,278744.93,1.59
858,SMC Investments And Advisors Limited,83.76,6024.52,-1469.92,15798.71,2.31
859,SMR Consultancy Private Limited,219.50,17481.29,893.87,33671.52,1.93
860,Snazzy Wealth Creators,302.89,46750.21,7652.20,43025.28,0.98
861,Soba Infosec Pvt Ltd,101.93,5517.15,1935.21,14896.90,2.96
862,Solutions .,91.46,7954.24,1917.01,9681.11,1.36
863,Sonal Rajesh Rawani,164.73,1193.83,-138.19,16070.75,13.73
864,Sonia Narang,110.03,4636.63,715.35,10579.23,2.38
865,Sonic Investments,178.41,2131.45,-6687.19,23779.85,9.59
866,Sources Solutions India Pvt. Ltd.,176.20,4274.30,-1419.24,12909.38,3.06
867,Sourendra Saha,84.51,8197.22,2286.62,5222.02,0.74
868,SPA Capital Services Limited,4786.83,9527031.95,-421109.75,1281662.70,0.11
869,SPA GLOBAL PVT LTD,858.54,2472360.80,21063.34,243140.03,0.10
870,SQUIRREL CONSULTING PVT LTD,168.49,11557.24,4076.53,23977.52,2.72
871,Sri Kotyark Investments,118.15,21621.90,-3096.13,19011.83,0.83
872,SRI KRISHNA CAPITAL,133.74,4686.83,2307.84,15028.00,3.70
873,Sridharan Narasimachari Kilpakkam,90.11,473.30,-541.94,11646.37,24.36
874,Sriram Suryanarayanan,87.38,2438.92,743.73,10668.65,4.63
875,Srivari Investments,100.87,2375.02,739.42,11255.52,5.02
876,SRIVIDYA ENTERPRISES LLP,962.70,7525503.18,951083.94,551105.37,0.23
877,Standard Chartered Bank,15077.03,1135521.84,-5262.90,1790496.12,1.52
878,Standard Chartered Securities (India) Limited,129.84,1819.56,-2278.66,23866.58,13.02
879,State Bank of India,48757.77,9208132.27,1536820.81,6428004.82,0.81
880,Stock Holding Corporation of India Limited,1000.62,603930.13,31968.11,102880.61,0.18
881,Subhas Chakraborty,116.16,2221.40,609.18,10285.36,4.86
882,Subras Investments,153.69,9772.26,-124.25,20046.12,1.96
883,Sujash Securities Private Limited,216.57,10785.83,49.12,15259.41,1.48
884,Sujata Khushrav Kabraji,189.14,22721.09,5018.57,27828.41,1.38
885,Sukanta Bhattacharjee,85.96,2574.28,719.14,9316.02,3.91
886,Suman Gupta,118.86,2931.55,1760.67,9094.90,3.36
887,Suman Kumar Thakur,106.52,3663.59,380.20,14103.64,3.95
888,Sundaram Finance Limited,1842.57,87641.20,31332.57,160688.77,2.09
889,Sunder Gopal Roy,139.20,4872.70,2503.54,9762.17,2.33
890,Sunil Bhanudas Kanade,71.50,2592.39,1322.61,7776.72,3.44
891,Sunil Hindocha,86.90,3693.66,1574.48,10757.58,3.16
892,Sunkersett Investment Intermediaries LLP,219.12,8379.97,3868.11,15780.84,2.03
893,Suraj Prakash,228.43,11095.80,1172.42,8578.26,0.93
894,SURAT COMMERCIAL PRIVATE LIMITED,107.66,3239.51,1472.95,13398.61,4.51
895,Surendra Kumar Bagaria,100.34,4834.27,1481.94,13129.41,2.96
896,Surendra Kumar Dugar & Co,139.12,29593.86,1135.51,44762.07,1.67
897,SURVAM INVESTMENTS PRIVATE LIMITED,113.99,19727.39,6915.61,7333.29,0.61
898,Sushil Financial Services Pvt Ltd,320.05,62292.64,5804.81,40936.68,0.73
899,Suvarna Yogesh Shah,92.31,3388.75,317.76,9302.00,2.80
900,Suvridhi Capital Markets Private Ltd,492.57,31909.02,-14017.45,66721.78,1.70
901,SVC CO OPERATIVE BANK LTD,79.67,4986.06,1000.25,14093.75,2.95
902,Swan Investmentors Pvt Ltd,177.26,9661.92,4558.79,16818.84,2.25
903,Swathi Investments,78.49,2943.87,967.17,11290.95,4.09
904,Sweety Dhaval Desai,100.98,1938.84,928.46,11002.73,6.13
905,SWS FINANCIAL SOLUTIONS PVT LTD,80.04,13664.74,701.54,11143.02,0.79
906,Sykes & Ray Equities (I) Ltd.,112.19,24139.88,3635.66,17835.37,0.85
907,Syndicate Bank,91.56,6087.77,1933.86,11685.52,2.00
908,Systematix Shares And Stocks (India) Ltd,195.03,118974.61,-4114.24,34409.45,0.26
909,Tandon And Mahindra Consultancy,233.85,5779.37,-1114.08,34142.27,6.82
910,TAPARIA PRIVATE LIMITED,122.78,6151.15,1654.28,20793.67,3.51
911,Tarla Pankaj Mavani,51.74,555.10,-150.80,4342.95,8.08
912,Tata Capital Financial Services Ltd.,663.24,175990.26,-6922.99,91020.02,0.47
913,Tata Securities Limited,537.33,47162476.26,-220236.70,767905.08,0.00
914,Tayal Capitals,160.80,4849.07,1722.22,16452.69,3.63
915,TBNG Capital Advisors Pvt Ltd,95.18,4934.83,1161.01,11730.39,2.65
916,TCM Advisory Pvt Ltd,143.20,2575.95,-676.03,15261.23,7.04
917,TG Financial Consultant,266.22,22312.55,9167.36,40756.83,2.07
918,Thakker Nikhil Vasudev,115.60,4426.09,1716.35,11091.16,2.80
919,The Cosmos Co-Operative Bank Ltd,66.88,6987.16,2541.81,10591.81,1.63
920,The Federal Bank Ltd.,447.83,43235.95,17604.60,53796.02,1.44
921,The Karnataka Bank Limited,156.22,13515.51,8459.79,21986.25,1.90
922,THE PORTFOLIO SHOP FINANCIAL SERVICES,113.70,3771.86,-6381.41,8355.95,0.95
923,The Saraswat Co-Operative Bank Ltd,127.41,13771.65,8111.74,13470.46,1.19
924,THEFINANCIALMALL PRIVATE LIMITED,139.43,6316.03,2262.74,14909.27,2.73
925,Think Financial & Insurance Cons Pvt Ltd,636.19,125398.89,8386.00,80157.32,0.69
926,Thirukochi Financial Consultants Pvt Ltd,102.29,3082.98,803.41,8057.97,2.80
927,Thousand Lights Investments Pvt. Ltd.,107.72,2926.39,665.30,12130.08,4.36
928,Three Cheers,190.07,6213.00,1844.76,23234.38,3.95
929,THREE CUBE WEALTH ADVISORY LLP,1408.35,516177.22,-9126.64,168791.00,0.29
930,TIPS,138.00,3522.48,947.24,10157.37,3.37
931,Trade Net Wealth Managers Pvt Ltd,325.41,350280.37,6612.98,48154.18,0.11
932,TRANQUIL CAPITAL,159.60,12047.05,5864.19,19385.21,1.95
933,Transcend Consulting (India) Pvt Ltd,69.24,6765.80,1985.96,11186.61,1.75
934,Transcend Investment Advisors Pvt Ltd,208.16,10070.73,701.77,19877.21,2.11
935,TRINITAS WEALTH PLANNERS LLP,117.37,4702.31,1330.05,12941.10,3.07
936,TRISKAIDEKAPHILLIA SOLUTIONS PRIVATE LIMITED,111.50,23334.63,6329.45,11071.46,0.65
937,TRUFID INVESTMENT ADVISORS PVT LTD,36.48,18665.59,10575.60,8842.21,0.94
938,Trust-Plutus Wealth Managers (India) Pvt Ltd,1134.08,172820.09,-8823.58,169559.77,0.96
939,Tumma Balraj,109.04,4637.15,1965.44,9211.45,2.21
940,Tushar Jitendra Shah,90.56,10307.24,714.45,13068.15,1.35
941,U.R. Financial Consultants,61.13,7373.09,3117.98,10148.70,1.63
942,Ultimate Wealth Managers Pvt Ltd,339.34,9362.87,2382.90,35557.50,3.97
943,Umesh Kumar Gupta,110.49,4976.20,792.09,10328.29,2.21
944,Unifi Financial Pvt Ltd,55.96,256632.06,11204.34,33168.27,0.14
945,Union Bank of India,1816.99,262530.87,42592.74,323369.02,1.29
946,UNMAJ ASSOCIATES LLP,1001.63,108966.48,-78879.92,114355.37,0.53
947,Unnati Capital Services Pvt Ltd,263.17,8767.57,4533.48,22551.49,2.80
948,UPMARKET FINANCIAL ADVISORY SERVICES LLP,138.62,4828.62,606.91,8731.14,3.73
949,Urjita Financial Services Private Limited,138.83,3118.37,-141.09,15592.32,5.16
950,UTI Infrastructure Technology And Services Ltd,578.20,22263.05,9153.22,54113.42,2.72
951,Utkarsh Wealth Advisors,224.91,95198.48,-606.85,34004.55,0.28
952,UVA WEALTH MANAGERS PRIVATE LIMITED,30.99,6101.21,999.89,11000.84,2.84
953,V Serve Management Private Limited,120.23,9824.87,-3116.85,21727.83,2.03
954,VA Inc,111.72,30452.05,2738.86,17206.49,0.59
955,Valsangkar Ravindra Murlidhar,183.97,11417.42,118.90,6923.64,0.61
956,Value Ethics Wealth Managers Pvt Ltd,218.53,11327.75,1377.91,24822.80,2.31
957,Value Invest Wealth Management (India) Pvt. Ltd.,262.47,22888.63,-3769.49,46015.43,2.00
958,VARDHANA FINANCIAL SOLUTIONS PRIVATE LIMITED,114.90,12561.50,358.89,14926.37,1.28
959,Varsha Investments,192.98,7978.98,577.44,25485.48,3.07
960,Varughese Mathai.K,142.57,5042.47,3161.19,13760.06,3.09
961,Vatsal Pravin Shah,134.37,18668.02,3975.47,17128.50,1.08
962,Vcare Investment Services Pvt. Ltd.,531.62,22548.04,4215.41,43400.01,2.02
963,Vedansh Securities,162.35,12302.18,-11246.30,17821.69,0.95
964,Veena Chandra,177.49,4887.97,-704.31,18869.41,3.88
965,Veena Gupta,50.39,1523.30,614.03,3809.01,2.72
966,Venkatesh Share & Stock Brokers Pvt. Ltd.,86.38,17914.20,-1095.00,11451.68,0.61
967,Ventura Securities Ltd,631.69,66636.32,12686.27,104931.43,1.77
968,Verdant Financial Advisory Services Private Limited,294.86,25245.13,-9171.84,40545.51,1.50
969,Verity Finsolutions Pvt. Ltd,194.28,18796.70,2611.02,21887.30,1.31
970,VETE ASSOCIATES Tax & Investments Consultants Pvt Ltd,346.46,17738.18,7692.71,27880.38,1.78
971,Vijay Financial Consultants Pvt Ltd,211.42,5473.67,2627.95,21967.40,4.22
972,Vikash Toshniwal,83.79,3366.24,-431.36,4395.90,1.35
973,Vikram S.Bagadthey,110.05,11061.88,1207.16,10132.27,1.02
974,Vinay O Rathi,165.61,12265.75,-578.01,16456.50,1.25
975,Vinayak Dattatreya Joshi,113.05,1544.89,-398.02,13425.33,8.69
976,Vinit Chandulal Vasa,189.27,12062.51,5562.39,20721.54,1.90
977,Vinod Kumar Anand,98.89,2891.37,633.41,9729.76,3.64
978,Vinod S Singh,85.26,6329.14,606.10,10889.10,1.73
979,VINTRUST WEALTH MANAGERS LLP,126.81,9512.75,5360.75,11364.30,1.40
980,Viral Kishorbhai Shah,116.66,21321.09,7143.43,9818.83,0.67
981,Viral R Kothari,131.40,4692.03,1879.86,15418.58,3.55
982,Virendrakumar Rajnikant Modi,93.48,5553.50,1414.34,9860.87,1.97
983,Vishal Bharat Modi,217.65,8370.00,3465.96,14558.88,2.00
984,Vishal Kumar Narang,101.76,3789.13,122.22,9300.19,2.52
985,Vishvambhar C S Kenkare,97.44,1953.85,617.37,9936.26,5.38
986,Vision Ahead Services (Pvt) Ltd,150.36,16859.78,-5806.03,15130.61,0.66
987,Vista Wealth Consultants Private Limited,531.45,19911.76,7568.73,57270.69,3.11
988,Vithadwaitha Investment Consultants Pvt Ltd,92.41,3260.11,1298.47,10269.70,3.48
989,Vivek Kumar,61.70,992.73,66.03,7010.19,6.83
990,Vivek Mahajan,210.06,8932.04,2023.81,16112.47,2.01
991,VJB Financial Services Pvt Ltd,150.60,37373.14,-521.19,20440.00,0.53
992,Vogue Management Services Private Limited,63.29,3924.51,271.03,9555.03,2.93
993,VR Wealth Advisors Pvt Ltd,85.46,4912.83,-45.45,13901.46,3.03
994,VRISHANK ADVISORY SERVICES PRIVATE LIMITED,110.96,6355.55,3647.47,7064.82,1.37
995,VSRK WEALTH CREATOR PVT LTD,1004.63,18818.45,-5085.68,91874.33,5.02
996,VUK Finvest Consultants Pvt Ltd,192.59,14078.42,-61.46,24937.13,1.67
997,WADHAWAN WEALTH MANAGERS PRIVATE LIMITED,44.54,72952.63,22136.16,37031.24,1.31
998,Walter Cyril Pinto,50.13,1405.81,378.43,5252.91,3.92
999,Way2Wealth Securities Private Limited,665.79,113038.66,1949.37,100219.24,0.83
1000,Wealth Creators,109.79,2750.87,1768.93,11848.10,4.72
1001,WEALTH EXPRESS,101.00,21222.73,1034.01,9745.66,0.48
1002,Wealth First Advisors Pvt Ltd,718.24,50435.30,766.03,77770.83,1.56
1003,Wealth First Port Folio Managers Ltd,1161.32,273817.40,18561.30,126041.31,0.57
1004,Wealth India Financial Services Pvt Ltd,4581.60,254376.41,66700.11,543958.04,2.36
1005,Wealth Lab Private Limited,135.05,7636.76,1443.17,18431.08,2.49
1006,WEALTH MANAGEMENT,107.90,4156.05,1662.55,11440.40,3.07
1007,Wealth Managers (India) Private Limited,1734.77,638904.55,37306.53,394765.13,0.67
1008,Wealth Managers United India Private Limited,606.05,23176.06,9023.11,66364.28,3.44
1009,WEALTHAPP SOLUTION PRIVATE LIMITED,165.67,11812.76,1981.65,16065.31,1.50
1010,Wealthcare Investment Services,143.44,3348.83,945.89,14128.61,4.52
1011,Wealthcare Securities Private Limited,208.65,9126.50,1804.06,21791.56,2.47
1012,Wealthcube Endeavours LLP,305.75,25072.26,6373.85,21159.08,0.96
1013,WealthDirect Portfolio Pvt Ltd,113.44,5732.86,2658.01,13338.79,2.54
1014,Wealthpoint Financial Resources Pvt Ltd,100.95,9094.31,3118.82,11344.75,1.45
1015,WEALTHWISE ADVISORS,167.95,18117.50,-7312.80,16348.96,0.03
1016,Wholelife Financial Services (Hyderabad) Pvt. Ltd.,104.36,3263.98,1158.34,12471.17,4.05
1017,WISE FINSERV PVT. LTD,190.86,8618.99,4316.11,14418.56,1.96
1018,Wiseinvest Advisors Pvt. Ltd.,741.55,43301.50,2422.30,89123.42,2.12
1019,WMG Advisory & Services Pvt Ltd,246.96,71982.25,7112.40,32017.68,0.47
1020,Y S CAPITAL.,283.13,9282.54,2230.72,29112.37,4.07
1021,Y. Sridhar,95.84,2628.96,735.19,8732.14,3.60
1022,Yajendra Chinnaya Shetty,95.40,3812.64,3447.93,9918.26,2.86
1023,Yash Consultants,213.13,1059.71,-3932.52,29248.49,27.24
1024,Yashwant Amarsingh Rathod,170.70,3720.49,1900.43,16512.50,4.52
1025,Yatish Wealth Managers,116.83,15862.97,2894.47,15896.03,1.12
1026,Yes Bank Limited,2567.50,278344.59,7567.27,327860.53,1.14
1027,Yes Investments,105.25,1362.46,492.11,5790.02,4.48
1028,Yeshwanth Kumar,246.22,6144.67,-8113.62,18960.63,1.99
1029,Yezdi Framroz Langrana,210.27,4626.47,1141.55,25130.37,5.54
1030,Yogendra Dilipbhai Doshi,130.94,5439.10,1365.43,15492.09,3.05
1031,Yogesh Jayant Shah,193.15,26691.81,2735.39,33712.08,1.30
1032,Zeenat S Jagani,335.47,8914.09,2702.51,34320.13,4.02
1033,Zen Securities Limited,313.37,21314.44,411.84,65071.98,3.08
1034,Zerodha,82.34,30337.41,-1505.53,11151.09,0.34
1035,Zeus Investment Solutions,211.15,16956.98,4440.21,19481.22,1.24
1036,ZUARI FINSERV LIMITED,82.26,88757.04,457.20,15587.63,0.17
1037,ZVEST FINANCIAL SERVICES LLP,180.77,17664.75,5796.74,20990.26,1.50
